name,# doc,avg doc length,avg # kw: ,avg # present kw,% present kws
hr_nat_valid,32223,448.2592868448003,3.539366291158489,1.2427458647549887,0.32589856429349956
hr_nat_test,3582,474.3679508654383,3.527359017308766,1.3266331658291457,0.36112422914447745
